Imagem,Modelo,Objetos_reais,Deteccoes,TP,FP,FN,Precisao,Recall,F1,Acuracia
00013781L.jpg,YOLOv8,1,1,1,0,0,1.0,1.0,1.0,1.0
00013781L.jpg,YOLO11,1,1,1,0,0,1.0,1.0,1.0,1.0
00013781L.jpg,YOLO26,1,0,0,0,1,0.0,0.0,0.0,0.0
00013781L.jpg,SSD300,1,0,0,0,1,0.0,0.0,0.0,0.0
00013789L.jpg,YOLOv8,1,1,1,0,0,1.0,1.0,1.0,1.0
00013789L.jpg,YOLO11,1,1,1,0,0,1.0,1.0,1.0,1.0
00013789L.jpg,YOLO26,1,0,0,0,1,0.0,0.0,0.0,0.0
00013789L.jpg,SSD300,1,0,0,0,1,0.0,0.0,0.0,0.0
00013797L.jpg,YOLOv8,1,1,1,0,0,1.0,1.0,1.0,1.0
00013797L.jpg,YOLO11,1,1,1,0,0,1.0,1.0,1.0,1.0
00013797L.jpg,YOLO26,1,1,1,0,0,1.0,1.0,1.0,1.0
00013797L.jpg,SSD300,1,0,0,0,1,0.0,0.0,0.0,0.0
00013806L.jpg,YOLOv8,2,2,2,0,0,1.0,1.0,1.0,1.0
00013806L.jpg,YOLO11,2,2,2,0,0,1.0,1.0,1.0,1.0
00013806L.jpg,YOLO26,2,2,2,0,0,1.0,1.0,1.0,1.0
00013806L.jpg,SSD300,2,1,1,0,1,1.0,0.5,0.6666666666666666,0.5
00013814L.jpg,YOLOv8,3,3,3,0,0,1.0,1.0,1.0,1.0
00013814L.jpg,YOLO11,3,3,3,0,0,1.0,1.0,1.0,1.0
00013814L.jpg,YOLO26,3,4,3,1,0,0.75,1.0,0.8571428571428571,0.75
00013814L.jpg,SSD300,3,3,3,0,0,1.0,1.0,1.0,1.0
00013823L.jpg,YOLOv8,2,2,2,0,0,1.0,1.0,1.0,1.0
00013823L.jpg,YOLO11,2,2,2,0,0,1.0,1.0,1.0,1.0
00013823L.jpg,YOLO26,2,2,2,0,0,1.0,1.0,1.0,1.0
00013823L.jpg,SSD300,2,2,2,0,0,1.0,1.0,1.0,1.0
00013831L.jpg,YOLOv8,2,2,2,0,0,1.0,1.0,1.0,1.0
00013831L.jpg,YOLO11,2,2,2,0,0,1.0,1.0,1.0,1.0
00013831L.jpg,YOLO26,2,2,2,0,0,1.0,1.0,1.0,1.0
00013831L.jpg,SSD300,2,2,2,0,0,1.0,1.0,1.0,1.0
00013840L.jpg,YOLOv8,2,2,2,0,0,1.0,1.0,1.0,1.0
00013840L.jpg,YOLO11,2,2,2,0,0,1.0,1.0,1.0,1.0
00013840L.jpg,YOLO26,2,2,2,0,0,1.0,1.0,1.0,1.0
00013840L.jpg,SSD300,2,2,2,0,0,1.0,1.0,1.0,1.0
00013848L.jpg,YOLOv8,3,3,3,0,0,1.0,1.0,1.0,1.0
00013848L.jpg,YOLO11,3,3,3,0,0,1.0,1.0,1.0,1.0
00013848L.jpg,YOLO26,3,3,3,0,0,1.0,1.0,1.0,1.0
00013848L.jpg,SSD300,3,2,2,0,1,1.0,0.6666666666666666,0.8,0.6666666666666666
00013857L.jpg,YOLOv8,3,3,3,0,0,1.0,1.0,1.0,1.0
00013857L.jpg,YOLO11,3,3,3,0,0,1.0,1.0,1.0,1.0
00013857L.jpg,YOLO26,3,4,3,1,0,0.75,1.0,0.8571428571428571,0.75
00013857L.jpg,SSD300,3,2,2,0,1,1.0,0.6666666666666666,0.8,0.6666666666666666
00013865L.jpg,YOLOv8,3,3,3,0,0,1.0,1.0,1.0,1.0
00013865L.jpg,YOLO11,3,3,3,0,0,1.0,1.0,1.0,1.0
00013865L.jpg,YOLO26,3,3,3,0,0,1.0,1.0,1.0,1.0
00013865L.jpg,SSD300,3,2,2,0,1,1.0,0.6666666666666666,0.8,0.6666666666666666
00013873L.jpg,YOLOv8,3,3,3,0,0,1.0,1.0,1.0,1.0
00013873L.jpg,YOLO11,3,3,3,0,0,1.0,1.0,1.0,1.0
00013873L.jpg,YOLO26,3,4,3,1,0,0.75,1.0,0.8571428571428571,0.75
00013873L.jpg,SSD300,3,3,1,2,2,0.3333333333333333,0.3333333333333333,0.3333333333333333,0.2
00013882L.jpg,YOLOv8,3,3,2,1,1,0.6666666666666666,0.6666666666666666,0.6666666666666666,0.5
00013882L.jpg,YOLO11,3,3,2,1,1,0.6666666666666666,0.6666666666666666,0.6666666666666666,0.5
00013882L.jpg,YOLO26,3,3,2,1,1,0.6666666666666666,0.6666666666666666,0.6666666666666666,0.5
00013882L.jpg,SSD300,3,3,1,2,2,0.3333333333333333,0.3333333333333333,0.3333333333333333,0.2
00013890L.jpg,YOLOv8,3,3,3,0,0,1.0,1.0,1.0,1.0
00013890L.jpg,YOLO11,3,3,3,0,0,1.0,1.0,1.0,1.0
00013890L.jpg,YOLO26,3,3,3,0,0,1.0,1.0,1.0,1.0
00013890L.jpg,SSD300,3,2,2,0,1,1.0,0.6666666666666666,0.8,0.6666666666666666
00013899L.jpg,YOLOv8,3,3,3,0,0,1.0,1.0,1.0,1.0
00013899L.jpg,YOLO11,3,4,3,1,0,0.75,1.0,0.8571428571428571,0.75
00013899L.jpg,YOLO26,3,3,3,0,0,1.0,1.0,1.0,1.0
00013899L.jpg,SSD300,3,2,2,0,1,1.0,0.6666666666666666,0.8,0.6666666666666666
00013907L.jpg,YOLOv8,3,3,3,0,0,1.0,1.0,1.0,1.0
00013907L.jpg,YOLO11,3,4,3,1,0,0.75,1.0,0.8571428571428571,0.75
00013907L.jpg,YOLO26,3,4,3,1,0,0.75,1.0,0.8571428571428571,0.75
00013907L.jpg,SSD300,3,3,3,0,0,1.0,1.0,1.0,1.0
00013916L.jpg,YOLOv8,3,3,3,0,0,1.0,1.0,1.0,1.0
00013916L.jpg,YOLO11,3,4,3,1,0,0.75,1.0,0.8571428571428571,0.75
00013916L.jpg,YOLO26,3,4,3,1,0,0.75,1.0,0.8571428571428571,0.75
00013916L.jpg,SSD300,3,2,2,0,1,1.0,0.6666666666666666,0.8,0.6666666666666666
00013924L.jpg,YOLOv8,3,3,3,0,0,1.0,1.0,1.0,1.0
00013924L.jpg,YOLO11,3,3,3,0,0,1.0,1.0,1.0,1.0
00013924L.jpg,YOLO26,3,4,3,1,0,0.75,1.0,0.8571428571428571,0.75
00013924L.jpg,SSD300,3,2,2,0,1,1.0,0.6666666666666666,0.8,0.6666666666666666
00013933L.jpg,YOLOv8,3,3,3,0,0,1.0,1.0,1.0,1.0
00013933L.jpg,YOLO11,3,2,2,0,1,1.0,0.6666666666666666,0.8,0.6666666666666666
00013933L.jpg,YOLO26,3,2,2,0,1,1.0,0.6666666666666666,0.8,0.6666666666666666
00013933L.jpg,SSD300,3,2,2,0,1,1.0,0.6666666666666666,0.8,0.6666666666666666
00013941L.jpg,YOLOv8,3,3,3,0,0,1.0,1.0,1.0,1.0
00013941L.jpg,YOLO11,3,3,3,0,0,1.0,1.0,1.0,1.0
00013941L.jpg,YOLO26,3,3,2,1,1,0.6666666666666666,0.6666666666666666,0.6666666666666666,0.5
00013941L.jpg,SSD300,3,2,2,0,1,1.0,0.6666666666666666,0.8,0.6666666666666666
00013949L.jpg,YOLOv8,2,3,2,1,0,0.6666666666666666,1.0,0.8,0.6666666666666666
00013949L.jpg,YOLO11,2,2,2,0,0,1.0,1.0,1.0,1.0
00013949L.jpg,YOLO26,2,3,2,1,0,0.6666666666666666,1.0,0.8,0.6666666666666666
00013949L.jpg,SSD300,2,2,2,0,0,1.0,1.0,1.0,1.0
00013958L.jpg,YOLOv8,2,1,1,0,1,1.0,0.5,0.6666666666666666,0.5
00013958L.jpg,YOLO11,2,1,1,0,1,1.0,0.5,0.6666666666666666,0.5
00013958L.jpg,YOLO26,2,2,1,1,1,0.5,0.5,0.5,0.3333333333333333
00013958L.jpg,SSD300,2,1,1,0,1,1.0,0.5,0.6666666666666666,0.5
00013966L.jpg,YOLOv8,1,1,1,0,0,1.0,1.0,1.0,1.0
00013966L.jpg,YOLO11,1,1,1,0,0,1.0,1.0,1.0,1.0
00013966L.jpg,YOLO26,1,1,1,0,0,1.0,1.0,1.0,1.0
00013966L.jpg,SSD300,1,1,1,0,0,1.0,1.0,1.0,1.0
00013975L.jpg,YOLOv8,1,1,1,0,0,1.0,1.0,1.0,1.0
00013975L.jpg,YOLO11,1,1,1,0,0,1.0,1.0,1.0,1.0
00013975L.jpg,YOLO26,1,1,1,0,0,1.0,1.0,1.0,1.0
00013975L.jpg,SSD300,1,1,1,0,0,1.0,1.0,1.0,1.0
00013983L.jpg,YOLOv8,1,1,1,0,0,1.0,1.0,1.0,1.0
00013983L.jpg,YOLO11,1,1,1,0,0,1.0,1.0,1.0,1.0
00013983L.jpg,YOLO26,1,1,1,0,0,1.0,1.0,1.0,1.0
00013983L.jpg,SSD300,1,1,1,0,0,1.0,1.0,1.0,1.0
00013992L.jpg,YOLOv8,1,1,1,0,0,1.0,1.0,1.0,1.0
00013992L.jpg,YOLO11,1,1,1,0,0,1.0,1.0,1.0,1.0
00013992L.jpg,YOLO26,1,1,1,0,0,1.0,1.0,1.0,1.0
00013992L.jpg,SSD300,1,1,1,0,0,1.0,1.0,1.0,1.0
00014000L.jpg,YOLOv8,1,1,1,0,0,1.0,1.0,1.0,1.0
00014000L.jpg,YOLO11,1,1,1,0,0,1.0,1.0,1.0,1.0
00014000L.jpg,YOLO26,1,1,1,0,0,1.0,1.0,1.0,1.0
00014000L.jpg,SSD300,1,1,1,0,0,1.0,1.0,1.0,1.0
00014009L.jpg,YOLOv8,1,1,1,0,0,1.0,1.0,1.0,1.0
00014009L.jpg,YOLO11,1,1,1,0,0,1.0,1.0,1.0,1.0
00014009L.jpg,YOLO26,1,1,1,0,0,1.0,1.0,1.0,1.0
00014009L.jpg,SSD300,1,1,1,0,0,1.0,1.0,1.0,1.0
00014017L.jpg,YOLOv8,1,1,1,0,0,1.0,1.0,1.0,1.0
00014017L.jpg,YOLO11,1,1,1,0,0,1.0,1.0,1.0,1.0
00014017L.jpg,YOLO26,1,1,1,0,0,1.0,1.0,1.0,1.0
00014017L.jpg,SSD300,1,1,1,0,0,1.0,1.0,1.0,1.0
00014026L.jpg,YOLOv8,1,1,1,0,0,1.0,1.0,1.0,1.0
00014026L.jpg,YOLO11,1,1,1,0,0,1.0,1.0,1.0,1.0
00014026L.jpg,YOLO26,1,1,1,0,0,1.0,1.0,1.0,1.0
00014026L.jpg,SSD300,1,0,0,0,1,0.0,0.0,0.0,0.0
00014034L.jpg,YOLOv8,1,1,1,0,0,1.0,1.0,1.0,1.0
00014034L.jpg,YOLO11,1,1,1,0,0,1.0,1.0,1.0,1.0
00014034L.jpg,YOLO26,1,1,1,0,0,1.0,1.0,1.0,1.0
00014034L.jpg,SSD300,1,1,1,0,0,1.0,1.0,1.0,1.0
00014042L.jpg,YOLOv8,1,1,1,0,0,1.0,1.0,1.0,1.0
00014042L.jpg,YOLO11,1,1,1,0,0,1.0,1.0,1.0,1.0
00014042L.jpg,YOLO26,1,1,1,0,0,1.0,1.0,1.0,1.0
00014042L.jpg,SSD300,1,1,1,0,0,1.0,1.0,1.0,1.0
00014051L.jpg,YOLOv8,1,1,1,0,0,1.0,1.0,1.0,1.0
00014051L.jpg,YOLO11,1,1,1,0,0,1.0,1.0,1.0,1.0
00014051L.jpg,YOLO26,1,1,1,0,0,1.0,1.0,1.0,1.0
00014051L.jpg,SSD300,1,1,1,0,0,1.0,1.0,1.0,1.0
00014059L.jpg,YOLOv8,1,1,1,0,0,1.0,1.0,1.0,1.0
00014059L.jpg,YOLO11,1,1,1,0,0,1.0,1.0,1.0,1.0
00014059L.jpg,YOLO26,1,1,1,0,0,1.0,1.0,1.0,1.0
00014059L.jpg,SSD300,1,1,1,0,0,1.0,1.0,1.0,1.0
00014068L.jpg,YOLOv8,1,1,1,0,0,1.0,1.0,1.0,1.0
00014068L.jpg,YOLO11,1,1,1,0,0,1.0,1.0,1.0,1.0
00014068L.jpg,YOLO26,1,1,1,0,0,1.0,1.0,1.0,1.0
00014068L.jpg,SSD300,1,1,1,0,0,1.0,1.0,1.0,1.0
00014076L.jpg,YOLOv8,1,1,1,0,0,1.0,1.0,1.0,1.0
00014076L.jpg,YOLO11,1,1,1,0,0,1.0,1.0,1.0,1.0
00014076L.jpg,YOLO26,1,1,1,0,0,1.0,1.0,1.0,1.0
00014076L.jpg,SSD300,1,1,1,0,0,1.0,1.0,1.0,1.0
00014085L.jpg,YOLOv8,1,1,1,0,0,1.0,1.0,1.0,1.0
00014085L.jpg,YOLO11,1,1,1,0,0,1.0,1.0,1.0,1.0
00014085L.jpg,YOLO26,1,1,1,0,0,1.0,1.0,1.0,1.0
00014085L.jpg,SSD300,1,1,1,0,0,1.0,1.0,1.0,1.0
00014093L.jpg,YOLOv8,1,1,1,0,0,1.0,1.0,1.0,1.0
00014093L.jpg,YOLO11,1,1,1,0,0,1.0,1.0,1.0,1.0
00014093L.jpg,YOLO26,1,1,1,0,0,1.0,1.0,1.0,1.0
00014093L.jpg,SSD300,1,1,1,0,0,1.0,1.0,1.0,1.0
00014102L.jpg,YOLOv8,1,1,1,0,0,1.0,1.0,1.0,1.0
00014102L.jpg,YOLO11,1,1,1,0,0,1.0,1.0,1.0,1.0
00014102L.jpg,YOLO26,1,1,1,0,0,1.0,1.0,1.0,1.0
00014102L.jpg,SSD300,1,0,0,0,1,0.0,0.0,0.0,0.0
00014110L.jpg,YOLOv8,1,1,1,0,0,1.0,1.0,1.0,1.0
00014110L.jpg,YOLO11,1,1,1,0,0,1.0,1.0,1.0,1.0
00014110L.jpg,YOLO26,1,1,1,0,0,1.0,1.0,1.0,1.0
00014110L.jpg,SSD300,1,1,1,0,0,1.0,1.0,1.0,1.0
00014118L.jpg,YOLOv8,1,1,1,0,0,1.0,1.0,1.0,1.0
00014118L.jpg,YOLO11,1,1,1,0,0,1.0,1.0,1.0,1.0
00014118L.jpg,YOLO26,1,1,1,0,0,1.0,1.0,1.0,1.0
00014118L.jpg,SSD300,1,1,1,0,0,1.0,1.0,1.0,1.0
00014127L.jpg,YOLOv8,1,1,1,0,0,1.0,1.0,1.0,1.0
00014127L.jpg,YOLO11,1,1,1,0,0,1.0,1.0,1.0,1.0
00014127L.jpg,YOLO26,1,1,1,0,0,1.0,1.0,1.0,1.0
00014127L.jpg,SSD300,1,1,1,0,0,1.0,1.0,1.0,1.0
00014135L.jpg,YOLOv8,1,1,1,0,0,1.0,1.0,1.0,1.0
00014135L.jpg,YOLO11,1,1,1,0,0,1.0,1.0,1.0,1.0
00014135L.jpg,YOLO26,1,1,1,0,0,1.0,1.0,1.0,1.0
00014135L.jpg,SSD300,1,1,1,0,0,1.0,1.0,1.0,1.0
00014144L.jpg,YOLOv8,1,1,1,0,0,1.0,1.0,1.0,1.0
00014144L.jpg,YOLO11,1,1,1,0,0,1.0,1.0,1.0,1.0
00014144L.jpg,YOLO26,1,0,0,0,1,0.0,0.0,0.0,0.0
00014144L.jpg,SSD300,1,1,1,0,0,1.0,1.0,1.0,1.0
00014152L.jpg,YOLOv8,1,1,1,0,0,1.0,1.0,1.0,1.0
00014152L.jpg,YOLO11,1,1,1,0,0,1.0,1.0,1.0,1.0
00014152L.jpg,YOLO26,1,1,1,0,0,1.0,1.0,1.0,1.0
00014152L.jpg,SSD300,1,1,1,0,0,1.0,1.0,1.0,1.0
00014161L.jpg,YOLOv8,1,1,1,0,0,1.0,1.0,1.0,1.0
00014161L.jpg,YOLO11,1,1,1,0,0,1.0,1.0,1.0,1.0
00014161L.jpg,YOLO26,1,1,1,0,0,1.0,1.0,1.0,1.0
00014161L.jpg,SSD300,1,1,1,0,0,1.0,1.0,1.0,1.0
00014169L.jpg,YOLOv8,1,0,0,0,1,0.0,0.0,0.0,0.0
00014169L.jpg,YOLO11,1,1,1,0,0,1.0,1.0,1.0,1.0
00014169L.jpg,YOLO26,1,0,0,0,1,0.0,0.0,0.0,0.0
00014169L.jpg,SSD300,1,1,1,0,0,1.0,1.0,1.0,1.0
00014178L.jpg,YOLOv8,1,0,0,0,1,0.0,0.0,0.0,0.0
00014178L.jpg,YOLO11,1,0,0,0,1,0.0,0.0,0.0,0.0
00014178L.jpg,YOLO26,1,0,0,0,1,0.0,0.0,0.0,0.0
00014178L.jpg,SSD300,1,0,0,0,1,0.0,0.0,0.0,0.0
00014186L.jpg,YOLOv8,1,0,0,0,1,0.0,0.0,0.0,0.0
00014186L.jpg,YOLO11,1,0,0,0,1,0.0,0.0,0.0,0.0
00014186L.jpg,YOLO26,1,0,0,0,1,0.0,0.0,0.0,0.0
00014186L.jpg,SSD300,1,0,0,0,1,0.0,0.0,0.0,0.0
00014195L.jpg,YOLOv8,0,0,0,0,0,1.0,1.0,1.0,1.0
00014195L.jpg,YOLO11,0,0,0,0,0,1.0,1.0,1.0,1.0
00014195L.jpg,YOLO26,0,0,0,0,0,1.0,1.0,1.0,1.0
00014195L.jpg,SSD300,0,0,0,0,0,1.0,1.0,1.0,1.0
