Modelo,Imagem,Execução,Tempo (ms)
YOLOv8,Imagem 1,1,19.464670999923328
YOLOv8,Imagem 1,2,17.482234999988577
YOLOv8,Imagem 1,3,17.22185099993112
YOLOv8,Imagem 1,4,17.257143000051656
YOLOv8,Imagem 1,5,17.26627699997607
YOLOv8,Imagem 1,6,16.948454000043967
YOLOv8,Imagem 1,7,17.413221999959205
YOLOv8,Imagem 1,8,18.71200699997644
YOLOv8,Imagem 1,9,18.75523000001067
YOLOv8,Imagem 1,10,17.11511500002416
YOLOv8,Imagem 1,11,17.07842900009382
YOLOv8,Imagem 1,12,23.159615000054146
YOLOv8,Imagem 1,13,24.349607999965883
YOLOv8,Imagem 1,14,17.219927000041935
YOLOv8,Imagem 1,15,16.729047000012542
YOLOv8,Imagem 1,16,17.08590699990964
YOLOv8,Imagem 1,17,19.632563999948616
YOLOv8,Imagem 1,18,18.88880399997106
YOLOv8,Imagem 1,19,17.032614999948237
YOLOv8,Imagem 1,20,17.076119000080325
YOLOv8,Imagem 1,21,17.318619999969087
YOLOv8,Imagem 1,22,16.94181599998501
YOLOv8,Imagem 1,23,17.346917000054418
YOLOv8,Imagem 1,24,17.36253400008536
YOLOv8,Imagem 1,25,17.152396000028602
YOLOv8,Imagem 1,26,16.757066999957715
YOLOv8,Imagem 1,27,17.16467900007501
YOLOv8,Imagem 1,28,16.781691000005594
YOLOv8,Imagem 1,29,16.71806000001652
YOLOv8,Imagem 1,30,16.644559999917874
YOLOv8,Imagem 2,1,17.2499660000085
YOLOv8,Imagem 2,2,16.9475139999804
YOLOv8,Imagem 2,3,16.575502000023334
YOLOv8,Imagem 2,4,17.484912999975677
YOLOv8,Imagem 2,5,17.419083999925533
YOLOv8,Imagem 2,6,17.41479499992238
YOLOv8,Imagem 2,7,17.139014999997926
YOLOv8,Imagem 2,8,19.572273999983736
YOLOv8,Imagem 2,9,19.615076000036424
YOLOv8,Imagem 2,10,17.48030499993547
YOLOv8,Imagem 2,11,17.319060999966496
YOLOv8,Imagem 2,12,17.564504999995734
YOLOv8,Imagem 2,13,23.457953000047382
YOLOv8,Imagem 2,14,24.60325999993529
YOLOv8,Imagem 2,15,17.77463500002341
YOLOv8,Imagem 2,16,17.251971999939997
YOLOv8,Imagem 2,17,17.11220000004232
YOLOv8,Imagem 2,18,18.74392899992472
YOLOv8,Imagem 2,19,17.34337699997468
YOLOv8,Imagem 2,20,17.448309000087647
YOLOv8,Imagem 2,21,17.01723700000457
YOLOv8,Imagem 2,22,17.565665999995872
YOLOv8,Imagem 2,23,17.42978899994796
YOLOv8,Imagem 2,24,17.9953880000312
YOLOv8,Imagem 2,25,16.894288000003144
YOLOv8,Imagem 2,26,19.224704999942333
YOLOv8,Imagem 2,27,19.999553000047854
YOLOv8,Imagem 2,28,17.7302240000472
YOLOv8,Imagem 2,29,17.50919000005524
YOLOv8,Imagem 2,30,17.375453999989077
YOLO11,Imagem 1,1,19.241211000007752
YOLO11,Imagem 1,2,18.214975999967464
YOLO11,Imagem 1,3,27.201471000012134
YOLO11,Imagem 1,4,23.788224999975682
YOLO11,Imagem 1,5,18.938122999998086
YOLO11,Imagem 1,6,18.505322000009983
YOLO11,Imagem 1,7,20.337100999995528
YOLO11,Imagem 1,8,18.64112299995213
YOLO11,Imagem 1,9,20.881475999999566
YOLO11,Imagem 1,10,18.784860999971897
YOLO11,Imagem 1,11,19.047910999915985
YOLO11,Imagem 1,12,18.85861499999919
YOLO11,Imagem 1,13,18.489092999971035
YOLO11,Imagem 1,14,18.944991000012124
YOLO11,Imagem 1,15,18.635975000051985
YOLO11,Imagem 1,16,18.525261000036153
YOLO11,Imagem 1,17,18.090009999923495
YOLO11,Imagem 1,18,18.083324000031098
YOLO11,Imagem 1,19,18.475394999995842
YOLO11,Imagem 1,20,19.312659999968673
YOLO11,Imagem 1,21,19.263263000084407
YOLO11,Imagem 1,22,18.92823600007887
YOLO11,Imagem 1,23,19.17219799997838
YOLO11,Imagem 1,24,19.47853000001487
YOLO11,Imagem 1,25,19.550647999949433
YOLO11,Imagem 1,26,19.283548999965205
YOLO11,Imagem 1,27,19.51880199999323
YOLO11,Imagem 1,28,21.991413000023385
YOLO11,Imagem 1,29,20.356644999992568
YOLO11,Imagem 1,30,19.81481400002849
YOLO11,Imagem 2,1,21.31903700001203
YOLO11,Imagem 2,2,21.048977000077684
YOLO11,Imagem 2,3,20.50855099992077
YOLO11,Imagem 2,4,19.955312999968555
YOLO11,Imagem 2,5,19.343954999953894
YOLO11,Imagem 2,6,18.856303000006847
YOLO11,Imagem 2,7,21.290532999955758
YOLO11,Imagem 2,8,18.44123099999706
YOLO11,Imagem 2,9,21.067889000050855
YOLO11,Imagem 2,10,19.043121999970936
YOLO11,Imagem 2,11,18.2854720000023
YOLO11,Imagem 2,12,19.021936000058304
YOLO11,Imagem 2,13,19.568535000075826
YOLO11,Imagem 2,14,19.21433999996225
YOLO11,Imagem 2,15,19.542633000014575
YOLO11,Imagem 2,16,18.63233599999603
YOLO11,Imagem 2,17,19.07371400000102
YOLO11,Imagem 2,18,19.241484000076525
YOLO11,Imagem 2,19,20.128808999970715
YOLO11,Imagem 2,20,19.38543699998263
YOLO11,Imagem 2,21,19.637514000010015
YOLO11,Imagem 2,22,25.115120999998908
YOLO11,Imagem 2,23,28.422491000014816
YOLO11,Imagem 2,24,22.52842299992608
YOLO11,Imagem 2,25,19.568505000052028
YOLO11,Imagem 2,26,19.843885000000228
YOLO11,Imagem 2,27,18.81891700008964
YOLO11,Imagem 2,28,19.74571100004141
YOLO11,Imagem 2,29,20.535064000000602
YOLO11,Imagem 2,30,19.33089099998142
YOLO26,Imagem 1,1,23.99756800002706
YOLO26,Imagem 1,2,21.29302399998778
YOLO26,Imagem 1,3,19.667890000050647
YOLO26,Imagem 1,4,19.863017000034233
YOLO26,Imagem 1,5,19.641909000029045
YOLO26,Imagem 1,6,19.69915300003322
YOLO26,Imagem 1,7,22.621075000074597
YOLO26,Imagem 1,8,20.444147000034718
YOLO26,Imagem 1,9,20.18926300002022
YOLO26,Imagem 1,10,19.825083999990056
YOLO26,Imagem 1,11,22.387307000030887
YOLO26,Imagem 1,12,19.199135000008027
YOLO26,Imagem 1,13,18.82180299992342
YOLO26,Imagem 1,14,19.965821000027972
YOLO26,Imagem 1,15,19.254488000001402
YOLO26,Imagem 1,16,18.943778999982896
YOLO26,Imagem 1,17,19.96646099996724
YOLO26,Imagem 1,18,19.85397800001465
YOLO26,Imagem 1,19,19.699698999943394
YOLO26,Imagem 1,20,19.41299199995683
YOLO26,Imagem 1,21,19.905694000044605
YOLO26,Imagem 1,22,19.748962999983632
YOLO26,Imagem 1,23,19.74593400007052
YOLO26,Imagem 1,24,19.229440000003706
YOLO26,Imagem 1,25,21.0428039999897
YOLO26,Imagem 1,26,19.569786000033673
YOLO26,Imagem 1,27,21.79069300007086
YOLO26,Imagem 1,28,22.125768000023527
YOLO26,Imagem 1,29,20.423401000016383
YOLO26,Imagem 1,30,19.9459120000256
YOLO26,Imagem 2,1,20.408864999922116
YOLO26,Imagem 2,2,20.276180999985627
YOLO26,Imagem 2,3,20.35394400002133
YOLO26,Imagem 2,4,19.560583000043152
YOLO26,Imagem 2,5,19.634105000022828
YOLO26,Imagem 2,6,23.665332999939892
YOLO26,Imagem 2,7,34.353889999920284
YOLO26,Imagem 2,8,20.58785799999896
YOLO26,Imagem 2,9,20.94730700002856
YOLO26,Imagem 2,10,19.479629999977988
YOLO26,Imagem 2,11,19.8620060000394
YOLO26,Imagem 2,12,19.813050000038857
YOLO26,Imagem 2,13,19.03972499997053
YOLO26,Imagem 2,14,19.63804500007882
YOLO26,Imagem 2,15,19.153722000055495
YOLO26,Imagem 2,16,19.295604000035382
YOLO26,Imagem 2,17,19.290716999989854
YOLO26,Imagem 2,18,19.650361000003613
YOLO26,Imagem 2,19,20.077265000054467
YOLO26,Imagem 2,20,20.366364999972575
YOLO26,Imagem 2,21,19.810550000102012
YOLO26,Imagem 2,22,20.61997999999221
YOLO26,Imagem 2,23,20.87492700002258
YOLO26,Imagem 2,24,21.859394999978576
YOLO26,Imagem 2,25,20.739830000024995
YOLO26,Imagem 2,26,20.114938999995502
YOLO26,Imagem 2,27,21.89787300005719
YOLO26,Imagem 2,28,19.679706999909286
YOLO26,Imagem 2,29,19.675058999951034
YOLO26,Imagem 2,30,20.266348000063772
SSD300,Imagem 1,1,53.65648199995121
SSD300,Imagem 1,2,51.79490199998327
SSD300,Imagem 1,3,51.34075900002699
SSD300,Imagem 1,4,51.359965000074226
SSD300,Imagem 1,5,46.28781799999615
SSD300,Imagem 1,6,46.03308900004777
SSD300,Imagem 1,7,52.66077499993571
SSD300,Imagem 1,8,47.33226000007562
SSD300,Imagem 1,9,45.55655600006503
SSD300,Imagem 1,10,44.00164000003315
SSD300,Imagem 1,11,44.458715000018856
SSD300,Imagem 1,12,43.65736200008996
SSD300,Imagem 1,13,43.61872900005892
SSD300,Imagem 1,14,46.272146999967845
SSD300,Imagem 1,15,44.93967100006557
SSD300,Imagem 1,16,47.83100699989973
SSD300,Imagem 1,17,45.05519899998944
SSD300,Imagem 1,18,45.067485000004126
SSD300,Imagem 1,19,45.218367999950715
SSD300,Imagem 1,20,44.80099499994594
SSD300,Imagem 1,21,44.87526799994157
SSD300,Imagem 1,22,46.92547500008004
SSD300,Imagem 1,23,45.305525999992824
SSD300,Imagem 1,24,43.88188000007176
SSD300,Imagem 1,25,44.510199000001194
SSD300,Imagem 1,26,44.38313000002836
SSD300,Imagem 1,27,44.18636799994147
SSD300,Imagem 1,28,54.21288800005186
SSD300,Imagem 1,29,111.01916900008746
SSD300,Imagem 1,30,174.6223210000153
SSD300,Imagem 2,1,75.24533299999803
SSD300,Imagem 2,2,48.58396600002379
SSD300,Imagem 2,3,44.72092399998928
SSD300,Imagem 2,4,44.47028300000966
SSD300,Imagem 2,5,44.395519000090644
SSD300,Imagem 2,6,43.37607399997978
SSD300,Imagem 2,7,45.1251179999872
SSD300,Imagem 2,8,43.83111300001019
SSD300,Imagem 2,9,43.91156999997747
SSD300,Imagem 2,10,44.51115500000924
SSD300,Imagem 2,11,51.555003999965265
SSD300,Imagem 2,12,99.42765699997835
SSD300,Imagem 2,13,143.51857300005122
SSD300,Imagem 2,14,138.09656499995526
SSD300,Imagem 2,15,115.95058399996105
SSD300,Imagem 2,16,139.5111790000101
SSD300,Imagem 2,17,54.692415999966215
SSD300,Imagem 2,18,44.529544000056376
SSD300,Imagem 2,19,43.59039100006612
SSD300,Imagem 2,20,44.351256000027206
SSD300,Imagem 2,21,46.29481099993882
SSD300,Imagem 2,22,45.56063699999413
SSD300,Imagem 2,23,44.253357000002325
SSD300,Imagem 2,24,56.48957099992913
SSD300,Imagem 2,25,44.8410019999983
SSD300,Imagem 2,26,43.81107000006068
SSD300,Imagem 2,27,44.2766669999628
SSD300,Imagem 2,28,44.94788299996344
SSD300,Imagem 2,29,43.74505300006604
SSD300,Imagem 2,30,62.64441000007537
